{"cameraMode":{"drawMode":2,"name":"Shaded Wireframe","section":"Shading Mode"},"sceneLighting":true,"audioPlay":false,"sceneViewState":{"showFog":true,"showMaterialUpdate":false,"showSkybox":false,"showFlares":true,"showImageEffects":true,"showParticleSystems":true},"in2DMode":false,"pivot":{"x":-4.421346187591553,"y":1.2682876586914063,"z":-11.638726234436036},"rotation":{"x":-0.13776634633541108,"y":0.3359542489051819,"z":-0.04974396526813507,"w":-0.9304196238517761},"size":2.5662691593170168,"orthographic":false}